{
	"Calibration": {
		"Dynamic": {
			"CalibrationHistory": [
				{
					"Epipolar": 0.000235706224184501037,
					"Time": 13149696714.0689259
				},
				{
					"Epipolar": 0.000232584892798388856,
					"Time": 13149696716.070261
				},
				{
					"Epipolar": 0.000260394399675340459,
					"Time": 13149696719.0722637
				}
			],
			"Stereo": {
				"Angle": {
					"Epipolar": 0.000235706224184501037,
					"Vergence": 0
				},
				"Left": {
					"Camera": [
						[
							546.836727819541238,
							0,
							0
						],
						[
							0,
							546.836727819541238,
							0
						],
						[
							235.063302265785381,
							198.541499888014698,
							1
						]
					],
					"Rotation": [
						[
							0.996702338543427935,
							-0.000369452996474209285,
							-0.0811437726911031776
						],
						[
							0.0006636307664319856,
							0.999993305353276352,
							0.00359845006007744389
						],
						[
							0.0811419000040538296,
							-0.00364043309407310672,
							0.996695911153757885
						]
					]
				},
				"Reprojection": [
					[
						1,
						0,
						0,
						0
					],
					[
						0,
						1,
						0,
						0
					],
					[
						0,
						0,
						0,
						0.00990317594310187975
					],
					[
						-235.063302265785381,
						-198.541499888014698,
						546.836727819541238,
						1.33776880829912925
					]
				],
				"Right": {
					"Camera": [
						[
							546.836727819541238,
							0,
							0
						],
						[
							0,
							546.836727819541238,
							0
						],
						[
							370.148129192541205,
							198.541499888014698,
							1
						]
					],
					"Rotation": [
						[
							0.997780529528089488,
							0.00560857619150418631,
							0.0663517804414424373
						],
						[
							-0.00538163925808426112,
							0.99997904432636453,
							-0.00359845342149039699
						],
						[
							-0.0663705721953723737,
							0.00323338541390939902,
							0.997789803698767019
						]
					]
				}
			}
		},
		"Monocular": {
			"Left": {
				"Camera": [
					[
						626.743516615815565,
						0,
						0
					],
					[
						0,
						626.608651195224866,
						0
					],
					[
						353.735306484367527,
						228.693414203670557,
						1
					]
				],
				"Distortion": [
					-0.443374857533918643,
					0.250473790762366477,
					5.98528579362717983e-05,
					0.000318099017227221025,
					-0.0921037798408639308
				]
			},
			"Right": {
				"Camera": [
					[
						628.984468490783684,
						0,
						0
					],
					[
						0,
						628.924291082453351,
						0
					],
					[
						359.921933167854093,
						218.36567661341499,
						1
					]
				],
				"Distortion": [
					-0.442140065392049642,
					0.245346434513161488,
					4.71924922192548687e-05,
					0.000386673578674646154,
					-0.085218780000478056
				]
			}
		},
		"Stereo": {
			"Angle": {
				"Epipolar": 0.00766838436511232263,
				"OpticalAxis": -0.00598815237491895965,
				"Vergence": 0.147633462066715349
			},
			"Baseline": 100.977707126021159,
			"Left": {
				"Camera": [
					[
						607.596364243934659,
						0,
						0
					],
					[
						0,
						607.596364243934659,
						0
					],
					[
						261.181446961983738,
						220.601666542238547,
						1
					]
				],
				"Rotation": [
					[
						0.996702338543427935,
						-0.000350326894111274907,
						-0.0811438575194037004
					],
					[
						0.0006636307664319856,
						0.999992429397681626,
						0.00383415460414921177
					],
					[
						0.0811419000040538296,
						-0.00387536042064942025,
						0.996695025394098266
					]
				]
			},
			"Rectification": true,
			"Reprojection": [
				[
					1,
					0,
					0,
					0
				],
				[
					0,
					1,
					0,
					0
				],
				[
					0,
					0,
					0,
					0.00990317594310187975
				],
				[
					-261.181446961983738,
					-220.601666542238547,
					607.596364243934659,
					1.48640978699903248
				]
			],
			"Right": {
				"Camera": [
					[
						607.596364243934659,
						0,
						0
					],
					[
						0,
						607.596364243934659,
						0
					],
					[
						411.275699102823523,
						220.601666542238547,
						1
					]
				],
				"Rotation": [
					[
						0.997780529528089488,
						0.00562421556319612007,
						0.0663504566219705327
					],
					[
						-0.00538163925808426112,
						0.999978168370373677,
						-0.0038341546041492959
					],
					[
						-0.0663705721953723737,
						0.00346857058907203315,
						0.997789013852391271
					]
				]
			}
		}
	},
	"EepromId": 1,
	"Images": {
		"DisparityMap": 13149696755.4379997,
		"Normals": null,
		"PointMap": null,
		"Raw": {
			"Left": 13149696755.4379997,
			"Right": 13149696755.4379997
		},
		"Rectified": {
			"Left": 13149696755.4379997,
			"Right": 13149696755.4379997
		},
		"WithOverlay": {
			"Left": 13149696712.6809921,
			"Right": 13149696712.6809921
		}
	},
	"Link": {
		"Rotation": null,
		"Target": "",
		"Translation": null
	},
	"ModelName": "N10-304-18",
	"Parameters": {
		"Capture": {
			"AbsoluteBlackLevelOffset": 0,
			"AutoBlackLevel": false,
			"AutoExposure": true,
			"AutoGain": true,
			"Binning": 1,
			"BlackLevelOffset": 1,
			"BlackLevelOffsetCalibration": {
				"Left": 0,
				"Right": 0
			},
			"Exposure": 6.78607142857142875,
			"FlashDelay": 0,
			"FrontLight": false,
			"Gain": 4,
			"GainBoost": false,
			"HardwareGamma": true,
			"Hdr": false,
			"MaxFlashTime": 7,
			"MaxGain": 4,
			"MultiExposureFactor": 1,
			"PixelClock": 14,
			"Projector": true,
			"TargetBrightness": 80,
			"TriggerDelay": 0,
			"TriggerMode": "Software",
			"Triggered": true,
			"UseDisparityMapAreaOfInterest": false,
			"UseRecalibrator": true
		},
		"DisparityMap": {
			"AreaOfInterest": {
				"LeftTop": [
					0,
					0
				],
				"RightBottom": [
					751,
					479
				]
			},
			"MeasurementVolume": {
				"Far": {
					"DisparityStep": 33.5239963285613314,
					"LeftBottom": [
						-584.852889359536562,
						578.371971023175433,
						1360.56558888785935
					],
					"LeftTop": [
						-584.852889359536562,
						-493.98425338204305,
						1360.56558888785935
					],
					"PixelSize": 2.48806548585897547,
					"RightBottom": [
						1097.07937908113081,
						578.371971023175433,
						1360.56558888785935
					],
					"RightTop": [
						1097.07937908113081,
						-493.98425338204305,
						1360.56558888785935
					]
				},
				"Near": {
					"DisparityStep": 1.40020316668235911,
					"LeftBottom": [
						-119.526520024737252,
						118.202013248070642,
						278.059103517911694
					],
					"LeftTop": [
						-119.526520024737252,
						-100.955675910966377,
						278.059103517911694
					],
					"PixelSize": 0.508486517770387447,
					"RightBottom": [
						224.210365988044686,
						118.202013248070642,
						278.059103517911694
					],
					"RightTop": [
						224.210365988044686,
						-100.955675910966377,
						278.059103517911694
					]
				}
			},
			"PostProcessing": {
				"Filling": {
					"BorderSpread": 3,
					"RegionSize": 169
				},
				"MedianFilterRadius": 1,
				"SpeckleRemoval": {
					"ComponentThreshold": 8,
					"RegionSize": 164
				},
				"UniquenessOffset": 16,
				"UniquenessRatio": 3.40000009536743164
			},
			"Scaling": 0.900000000000000022,
			"StereoMatching": {
				"CostScale": -3,
				"DepthChangeCost": 5,
				"DepthStepCost": 27,
				"Method": "SgmAlignedAndDiagonal",
				"MinimumDisparity": -105,
				"NumberOfDisparities": 176,
				"Padding": true,
				"PropagationDecay": 3,
				"ScaledMinimumDisparity": -95,
				"ScaledNumberOfDisparities": 160,
				"ShadowingThreshold": 1
			},