{
	"Calibration": {
		"Dynamic": {
			"CalibrationHistory": [
				{
					"Epipolar": 0,
					"Time": 0
				}
			],
			"Stereo": {
				"Angle": {
					"Epipolar": 0,
					"Vergence": 0
				},
				"Left": {
					"Camera": [
						[
							606.090873851118545,
							0,
							0
						],
						[
							0,
							606.090873851118545,
							0
						],
						[
							259.891975786812168,
							217.87335284554706,
							1
						]
					],
					"Rotation": [
						[
							0.997273240819693596,
							-0.000558656728953894031,
							-0.0737954676632972539
						],
						[
							0.000833763767879083188,
							0.99999281770041315,
							0.00369721321642374999
						],
						[
							0.0737928721690986056,
							-0.00374865979351566517,
							0.997266543892247337
						]
					]
				},
				"Reprojection": [
					[
						1,
						0,
						0,
						0
					],
					[
						0,
						1,
						0,
						0
					],
					[
						0,
						0,
						0,
						0.00991848247978738273
					],
					[
						-259.891975786812168,
						-217.87335284554706,
						606.090873851118545,
						1.49573245025147017
					]
				],
				"Right": {
					"Camera": [
						[
							606.090873851118545,
							0,
							0
						],
						[
							0,
							606.090873851118545,
							0
						],
						[
							410.694525803872182,
							217.87335284554706,
							1
						]
					],
					"Rotation": [
						[
							0.997365558275903785,
							0.00610816895839774287,
							0.0722816258600375294
						],
						[
							-0.00585620974852681716,
							0.999976017424290542,
							-0.00369721295520505575
						],
						[
							-0.0723024755618785209,
							0.00326417650113207912,
							0.997377409599492282
						]
					]
				}
			}
		},
		"Monocular": {
			"Left": {
				"Camera": [
					[
						624.253487266663797,
						0,
						0
					],
					[
						0,
						625.421753545284673,
						0
					],
					[
						347.930145263671875,
						226.248001098632813,
						1
					]
				],
				"Distortion": [
					-0.437349347055605575,
					0.23365946787872241,
					0.000426603869662888478,
					0.00162581835030338982,
					-0.0778229235918462131,
					0,
					0,
					0,
					0,
					0,
					0,
					0,
					0,
					0
				]
			},
			"Right": {
				"Camera": [
					[
						626.162956615112307,
						0,
						0
					],
					[
						0,
						627.719791309485913,
						0
					],
					[
						355.599609375,
						216.035614013671875,
						1
					]
				],
				"Distortion": [
					-0.437468798700724748,
					0.236120335058442182,
					0.000403892218902386277,
					0.001246557791272586,
					-0.0786983768756494423,
					0,
					0,
					0,
					0,
					0,
					0,
					0,
					0,
					0
				]
			}
		},
		"Stereo": {
			"Angle": {
				"Epipolar": 0.00739450770341149467,
				"OpticalAxis": -0.00668441066923404405,
				"Vergence": 0.146208689865409636
			},
			"Baseline": 100.821874922688423,
			"Left": {
				"Camera": [
					[
						606.090873851118545,
						0,
						0
					],
					[
						0,
						606.090873851118545,
						0
					],
					[
						259.891975786812168,
						217.87335284554706,
						1
					]
				],
				"Rotation": [
					[
						0.997273240819693596,
						-0.000558656728953894031,
						-0.0737954676632972539
					],
					[
						0.000833763767879083188,
						0.99999281770041315,
						0.00369721321642374999
					],
					[
						0.0737928721690986056,
						-0.00374865979351566517,
						0.997266543892247337
					]
				]
			},
			"Rectification": true,
			"Reprojection": [
				[
					1,
					0,
					0,
					0
				],
				[
					0,
					1,
					0,
					0
				],
				[
					0,
					0,
					0,
					0.00991848247978738273
				],
				[
					-259.891975786812168,
					-217.87335284554706,
					606.090873851118545,
					1.49573245025147017
				]
			],
			"Right": {
				"Camera": [
					[
						606.090873851118545,
						0,
						0
					],
					[
						0,
						606.090873851118545,
						0
					],
					[
						410.694525803872182,
						217.87335284554706,
						1
					]
				],
				"Rotation": [
					[
						0.997365558275903785,
						0.00610816895839774287,
						0.0722816258600375294
					],
					[
						-0.00585620974852681716,
						0.999976017424290542,
						-0.00369721295520505575
					],
					[
						-0.0723024755618785209,
						0.00326417650113207912,
						0.997377409599492282
					]
				]
			}
		}
	},
	"EepromId": 1,
	"Images": {
		"DisparityMap": 13167646432.2900009,
		"Normals": null,
		"PointMap": null,
		"Raw": {
			"Left": 13167646432.2900009,
			"Right": 13167646432.2900009
		},
		"Rectified": {
			"Left": 13167646432.2900009,
			"Right": 13167646432.2900009
		},
		"WithOverlay": {
			"Left": null,
			"Right": null
		}
	},
	"Link": {
		"Rotation": {
			"Angle": 0,
			"Axis": [
				1,
				0,
				0
			]
		},
		"Target": "",
		"Translation": [
			0,
			0,
			0
		]
	},
	"ModelName": "N10-304-18",
	"Parameters": {
		"Capture": {
			"AbsoluteBlackLevelOffset": 0,
			"AutoBlackLevel": false,
			"AutoExposure": true,
			"AutoGain": true,
			"Binning": 1,
			"BlackLevelOffset": 1,
			"BlackLevelOffsetCalibration": {
				"Left": 0,
				"Right": 0
			},
			"Exposure": 3.69830000000000014,
			"FlashDelay": 0,
			"FrontLight": false,
			"Gain": 1,
			"GainBoost": false,
			"HardwareGamma": true,
			"Hdr": false,
			"MaxFlashTime": 7,
			"MaxGain": 4,
			"MultiExposureFactor": 1,
			"PixelClock": 10,
			"Projector": true,
			"TargetBrightness": 80,
			"TriggerDelay": 0,
			"TriggerMode": "Software",
			"Triggered": true,
			"UseDisparityMapAreaOfInterest": false,
			"UseRecalibrator": true
		},
		"DisparityMap": {
			"AreaOfInterest": {
				"LeftTop": [
					0,
					0
				],
				"RightBottom": [
					751,
					479
				]
			},
			"MeasurementVolume": {
				"Far": {
					"DisparityStep": 122.852350509850055,
					"LeftBottom": [
						-1174.87893788579822,
						1180.46044682104025,
						2739.92069195932118
					],
					"LeftTop": [
						-1174.87893788579822,
						-984.927728568152133,
						2739.92069195932118
					],
					"PixelSize": 4.52064337242002612,
					"RightBottom": [
						2220.12423480164125,
						1180.46044682104025,
						2739.92069195932118
					],
					"RightTop": [
						2220.12423480164125,
						-984.927728568152133,
						2739.92069195932118
					]
				},
				"Near": {
					"DisparityStep": 1.87970101626820796,
					"LeftBottom": [
						-145.326820245798331,
						146.017225801277846,
						338.914886502817126
					],
					"LeftTop": [
						-145.326820245798331,
						-121.830777920235036,
						338.914886502817126
					],
					"PixelSize": 0.559181636161822371,
					"RightBottom": [
						274.618588511730252,
						146.017225801277846,
						338.914886502817126
					],
					"RightTop": [
						274.618588511730252,
						-121.830777920235036,
						338.914886502817126
					]
				}
			},
			"PostProcessing": {
				"Filling": {
					"BorderSpread": 3,
					"RegionSize": 150
				},
				"MedianFilterRadius": 1,
				"SpeckleRemoval": {
					"ComponentThreshold": 3,
					"RegionSize": 150
				},
				"UniquenessOffset": 16,
				"UniquenessRatio": 10
			},
			"Scaling": 1,
			"StereoMatching": {
				"CostScale": -3,
				"DepthChangeCost": 3,
				"DepthStepCost": 30,
				"Method": "SgmAlignedAndDiagonal",
				"MinimumDisparity": -129,
				"NumberOfDisparities": 160,
				"Padding": true,
				"PropagationDecay": 3,
				"ScaledMinimumDisparity": -129,
				"ScaledNumberOfDisparities": 160,
				"ShadowingThreshold": 1
			},
			"ValidRegion": {
				"LeftTop": [
					30,
					0
				],